{"flutter":{"platforms":{"android":{"default":{"projectId":"miapp5a-a23ea","appId":"1:630709378217:android:8163a5fa335d5d01725db8","fileOutput":"android/app/google-services.json"}},"dart":{"lib/firebase_options.dart":{"projectId":"miapp5a-a23ea","configurations":{"android":"1:630709378217:android:8163a5fa335d5d01725db8","ios":"1:630709378217:ios:2d7631b12ed46ebd725db8","macos":"1:630709378217:ios:2d7631b12ed46ebd725db8","web":"1:630709378217:web:3dacf55dd81dea98725db8","windows":"1:630709378217:web:cd2c14d0666e0afc725db8"}}}}}}