{
  "project_info": {
    "project_number": "630709378217",
    "project_id": "miapp5a-a23ea",
    "storage_bucket": "miapp5a-a23ea.firebasestorage.app"
  },
  "client": [
    {
      "client_info": {
        "mobilesdk_app_id": "1:630709378217:android:8163a5fa335d5d01725db8",
        "android_client_info": {
          "package_name": "com.yarely"
        }
      },
      "oauth_client": [],
      "api_key": [
        {
          "current_key": "AIzaSyBeNXi42C2jh6es8XapjMSDEe1nlqQ7Yb4"
        }
      ],
      "services": {
        "appinvite_service": {
          "other_platform_oauth_client": []
        }
      }
    }
  ],
  "configuration_version": "1"
}